Commune,nvacc,cov_est,cov_est_lower,cov_est_upper,pop,hdr_cov_est,hdr_cov_est_lower,hdr_cov_est_upper
Andasibe,254,0.6086956521739131,0.3854189573888497,0.8029235760309856,10374,24.9,15.7,32.8
Moramanga,1756,0.6017191977077364,0.5482410933675059,0.6534559773257738,57084,19.6,17.8,21.2
